epoch;acc;acc_1;acc_10;acc_11;acc_12;acc_2;acc_3;acc_4;acc_5;acc_6;acc_7;acc_8;acc_9;iou;iou_1;iou_10;iou_11;iou_2;iou_3;iou_4;iou_5;iou_6;iou_7;iou_8;iou_9;loss;mean_iou;val_acc;val_acc_1;val_acc_10;val_acc_11;val_acc_12;val_acc_2;val_acc_3;val_acc_4;val_acc_5;val_acc_6;val_acc_7;val_acc_8;val_acc_9;val_iou;val_iou_1;val_iou_10;val_iou_11;val_iou_2;val_iou_3;val_iou_4;val_iou_5;val_iou_6;val_iou_7;val_iou_8;val_iou_9;val_loss;val_mean_iou
0;0.9320560166093169;4.8885596606909405e-08;0.9470995854850379;0.8266602744723193;0.5675389018719811;0.9627029168422112;0.9246192058455707;0.8621518680661285;0.9836920905370218;0.9019180513080198;0.8020706686759314;0.8730252341449305;0.4643948483459824;4.8885598655947856e-08;0.9267614347035767;0.5165624556238534;0.3422605871665673;0.8577765435631809;0.4728057694728257;0.957337990158894;0.7685475794832564;0.6985650997140694;0.6270110326223686;0.358956114353378;0.8259689679237011;451958551.91256833;0.6684139608685437;0.8065078592300415;0.0;0.8373039137010849;0.9170112548641957;0.8227098438442338;0.7856595677463275;0.6763076270947919;0.6498700084477862;0.9826521038207322;0.9556639602515172;0.6770385245165716;0.6418993733100302;0.8417753861415013;0.0;0.7640560138225555;0.2232884792983532;0.7339296585321426;0.6584403121471405;0.21082067653536796;0.7994998490810394;0.7359022498130798;0.6321900308132171;0.3695059989392757;0.7163876342773438;0.6414732277393341;2975627141.12;0.5895903742313385
1;0.9278336317161393;2.3089146981276006e-06;0.9567662685767535;0.921338156569749;0.7584379977149193;0.9573792245005961;0.9363790018074282;0.8671277007158532;0.9805105842237106;0.9368086073741798;0.908879091170886;0.9103176634368357;0.6451578557516686;2.308914697438967e-06;0.9212444590740516;0.5728832560240246;0.4761742996713503;0.8805649417345641;0.47884685037240304;0.9569241564130523;0.8003793993934256;0.7868549520852136;0.6588018691279197;0.49359464061146224;0.8503973614322683;507047190.38251364;0.7160605625376675;0.915524709224701;0.0;0.8794623121109106;0.9061096775279107;0.9151654540077472;0.9685746596704554;0.8324096275260914;0.5085116837034278;0.9746998438948045;0.9745602551686354;0.9621989602407404;0.6265348576799671;0.9194471973067118;0.0;0.9358498990535736;0.4877265438437462;0.7884408354759216;0.8135538101196289;0.2636639216542244;0.9580643689632415;0.794087200164795;0.8784050905704498;0.4918633405864239;0.6989965319633484;0.6635734635591507;1242432936.96;0.7067477321624756
2;0.9307021182742926;2.0938404509826266e-06;0.9594362812524425;0.9140303308102612;0.7513829988969938;0.9605045485419844;0.9383746631190896;0.8742824922162075;0.9825832822117753;0.9433812949309778;0.911753498068358;0.904213566569468;0.6553914397269233;2.0937787453501482e-06;0.9245789640588187;0.5800857436461527;0.46780212113603215;0.8828993433160208;0.48259433770114607;0.9587688130107733;0.8154661878536308;0.7891742424846021;0.660409846103908;0.5036416619893958;0.8619719292622446;458014799.8251366;0.7206721074594175;0.9251198077201843;0.0;0.8786108513369154;0.8785820651456546;0.9190984926357266;0.9672530782217413;0.8579125141579084;0.4929608489173147;0.9779033119704118;0.9723065028691312;0.9736856774789122;0.6496585675481729;0.9270789053498469;0.0;0.9346228802204132;0.5411040192842483;0.8035980188846588;0.838867529630661;0.2801616525650024;0.9693679440021515;0.8428049254417419;0.8798961353302002;0.5150174725055695;0.6681608015298843;0.6637388199567795;1090040544.0;0.7215763831138611
3;0.9314350749625534;1.1491428928938638e-06;0.9591933388116348;0.9195239706717836;0.7068831349291693;0.96076978663042;0.9383978535340313;0.8749989981609925;0.9830937308038256;0.9320994477823114;0.9183994350263284;0.9112446559203524;0.6636006639086597;1.1491299661091413e-06;0.9246248339043289;0.596637793658861;0.4508971505152072;0.8852812292797317;0.48828215994795815;0.9593649988617402;0.8063843844692564;0.7934413728166799;0.66758940657957;0.5174314873954637;0.8589262398865705;443221505.6612022;0.7226237327348991;0.927132408618927;0.0;0.873403432428827;0.9034572952030874;0.9093367579102717;0.9667717340930444;0.8677541054146567;0.48725361918995125;0.9783498588197148;0.9743682694746605;0.9714420739746853;0.6547258464591821;0.932108947692629;0.0;0.9358179640769958;0.5070652168989181;0.7976862680912018;0.8455698931217194;0.2752061325311661;0.9702904570102692;0.8347799789905548;0.8947307729721069;0.5306599873304367;0.6737336337566375;0.7009328973293304;1081524418.56;0.7242248356342316
4;0.9328765830055612;5.602644961915183e-06;0.959092830666263;0.9232655718373852;0.7635817830858798;0.9614929546058373;0.9398608084619762;0.8805306411455649;0.9841974204210848;0.9393816369505888;0.9170601227152171;0.9199233600933878;0.6769474645576673;5.602644968910214e-06;0.9261329011187527;0.5887603194661479;0.4798741514076952;0.8878269876287284;0.49287562666694973;0.9597194891809766;0.8214310298526222;0.7964507134560027;0.6758282704105794;0.5172376197462525;0.8677438230462413;421116782.7759563;0.7285346323675145;0.9263437783718109;0.0;0.8700931738588263;0.903440383732956;0.8949215018978038;0.9650188136129332;0.8735254704713248;0.5138744355025289;0.9724415416258487;0.9752796269644192;0.9723246043436938;0.6486894959679348;0.9222091133958515;0.0;0.935278992652893;0.4908188688755035;0.7879778265953064;0.849939591884613;0.27925702691078186;0.9648326659202575;0.8335387527942657;0.8942441892623901;0.5255206668376923;0.6705802088975906;0.6963268876075744;1112031123.2;0.7207559740543366
5;0.9336060940242205;3.118543963461263e-06;0.9586907697530629;0.9463876443823813;0.7691379916014937;0.9612716998516295;0.9417719067569122;0.8827100103718559;0.9846270778488341;0.9490391739739277;0.9095892116722374;0.9223032431224948;0.6532440230656651;3.1185439785260485e-06;0.9257570241318375;0.607543078276629;0.5001290066808951;0.8876476867602823;0.49825615773761206;0.9605719160512497;0.8292338657574575;0.79544260055641;0.6755663097067609;0.5120763869884887;0.8661213022112195;409006979.89071035;0.7325768513106258;0.934343866109848;0.0;0.8692920825705868;0.8785992874164955;0.9109998865905712;0.9677437104208731;0.8971804730158827;0.45042800324512916;0.9778400850185665;0.9749940728728622;0.9746593939440537;0.6296150296743285;0.9107784716826992;0.0;0.9358147013187409;0.5402851292490959;0.8016686701774597;0.8719196474552154;0.28803090780973434;0.9703872931003571;0.8565944278240204;0.8938839101791382;0.5256738770008087;0.6992168116569519;0.7056490886211395;1050095758.08;0.7353749513626099
6;0.9339982570846224;6.089988211305372e-06;0.9606069166431587;0.9274256486058047;0.7607369335736679;0.9618730528935968;0.945739099781218;0.8843237982864449;0.9847511609580182;0.944979965712448;0.9234334133097802;0.9220498672829792;0.6745271490356758;6.0899881924352425e-06;0.9266451639555843;0.5895403361385637;0.49043069914227627;0.892245482877304;0.5023294244307638;0.9612314479598583;0.824258374060438;0.803869486180811;0.6820623978076736;0.5234467402263417;0.8680892474338656;402548223.12568307;0.7331044361239574;0.93163849234581;0.0;0.8715070114993095;0.8975006338816318;0.8927318163459194;0.9677495466013809;0.8832974860408617;0.49239455196797877;0.9793696666259128;0.9718245693653325;0.9716569634994328;0.6530226847260052;0.9337519916840327;0.0;0.9355184376239777;0.5099036687612534;0.7876973414421081;0.8612136995792389;0.28183786615729334;0.9715230274200439;0.847626268863678;0.9042791903018952;0.5312821552157402;0.6841893887519837;0.6962266421318054;1060813946.88;0.7282997941970826
7;0.934714108216958;8.605057163536567e-06;0.9603544296772998;0.918853263882525;0.7313903024325724;0.9621761083665471;0.9426204883764124;0.8895960638143393;0.9848113371658197;0.9455657690238201;0.9028693496794735;0.9167456927172434;0.6763166317012074;8.60505724879862e-06;0.9273472617232734;0.5964796536200033;0.4711604036309354;0.8908096746505936;0.5036388965008037;0.9613285419719467;0.8301651241675101;0.7919669163520219;0.6818454833955713;0.5350175636713622;0.8700856333547603;394476178.7103825;0.732713198075529;0.928136979341507;0.0;0.844501050268041;0.8939248253280576;0.9349495706169367;0.9657503953319435;0.8804167246022119;0.45471013995916854;0.972015134320716;0.97551458387399;0.9731724059295683;0.6433973561590841;0.9226951014702057;0.0;0.9359119212627411;0.5002025485038757;0.7998993229866028;0.8556957364082336;0.28014287769794466;0.9651959073543549;0.8400714385509491;0.8899018335342407;0.5220999574661255;0.6694929397106171;0.7104454576969147;1050981939.2;0.7244599914550781
8;0.9343416492144266;1.2618426025625441e-06;0.9621612936230343;0.9276870438916095;0.7537387325147228;0.9631289910569132;0.9467599496829485;0.8884079554077399;0.9847247164911983;0.9392251415268513;0.9134509149522395;0.9236964230299275;0.6975022073025476;1.2618425908775827e-06;0.9285516872432062;0.5992073837280925;0.48370452111210327;0.8947869382920812;0.5001360546044313;0.9598560733873336;0.8224659505111923;0.7993514759293019;0.6821313528903846;0.5347161391149453;0.8731064851818189;393399564.9836066;0.7343649160666544;0.9349719214439393;0.0;0.8519488899325447;0.8866962006688219;0.9141968843652607;0.9722522306148802;0.9015389272863175;0.45878075607414304;0.9735718946439973;0.9760979493755632;0.9701310233336712;0.6555788149663377;0.9329702597414297;0.0;0.9364250445365906;0.5139847058057785;0.798271244764328;0.8754605686664582;0.28748047262430193;0.9672553253173828;0.8493923139572144;0.9065587055683136;0.5332976922392845;0.7050431525707245;0.7087594306468964;1002704016.64;0.7347207880020141
9;0.9351866492808191;1.4753371900275274e-06;0.9616226413287228;0.9297878212032827;0.7375994504136659;0.9636940395108663;0.9484796375114166;0.8906821010143048;0.9850965691130562;0.9486013014511024;0.9065361903759936;0.9277258309521554;0.6800341803840567;1.4753371783751037e-06;0.928497400114445;0.6093464975800019;0.4911427741737965;0.8970945653368215;0.5019600898271701;0.9608968665691021;0.832883370907906;0.7951369562435672;0.6926432118389776;0.5256255489718067;0.8684772507089084;382466120.61202186;0.7367004113770573;0.9362232077121735;0.0;0.8516958835427996;0.8831426715603209;0.913542906582262;0.9661579313004078;0.9012377592595979;0.45669295407963206;0.9799063123791011;0.9734351196037353;0.9719946518638138;0.6729831515709941;0.9326479750666682;0.0;0.934187273979187;0.5188206252455712;0.799037024974823;0.8755467355251312;0.28939849555492403;0.9726686370372772;0.8569916749000549;0.9099161171913147;0.5495854377746582;0.6918012094497681;0.7032558357715607;993440142.08;0.7364735531806946
10;0.9354221781746286;7.570105803583764e-07;0.96304432356405;0.919826483679653;0.7396739042572594;0.9622909872529944;0.9478415110512066;0.8908924478676156;0.9851479621255478;0.9405734823433981;0.9245911630003001;0.9285714464817949;0.6525974838034486;7.570105893639186e-07;0.9270445596976359;0.6045447780134899;0.48773633367051195;0.8953780219203136;0.5093008125088906;0.9608919825710234;0.8267847832923378;0.8081085336664335;0.6933297352061245;0.5094570117732866;0.8699409673448468;377170507.1912568;0.7356834111969328;0.9353095912933349;0.0;0.8482500999621156;0.8781878821402291;0.9138094807722587;0.9662619959138459;0.9030509361859599;0.45688517448305943;0.9770689000025452;0.97339647503829;0.9732035555764404;0.6751964054213776;0.9125025924263548;0.0;0.9353786337375641;0.5245523315668106;0.796939297914505;0.8754086339473724;0.2902927786111832;0.9702985882759094;0.8599999845027924;0.9020379781723022;0.5514383047819138;0.6794695377349853;0.7069202470779419;1025555086.08;0.7357033050060272
11;0.9357666125714453;3.815725779560992e-06;0.961048123330999;0.9328747368079652;0.7662759932768456;0.9628714674935631;0.9480101682544307;0.8946334204546068;0.9854212321005005;0.9423699652656709;0.922364556835864;0.9299497708752655;0.6463833006305082;3.815725919042454e-06;0.9281380834475241;0.6027707894971401;0.49883981338127065;0.896928057970245;0.5080902595174769;0.9619485638180717;0.8259062892426559;0.8103404528782016;0.6976353329061811;0.5170221701671517;0.8687867346357127;370622359.1693989;0.7378551393258767;0.9360882949829101;0.0;0.8693723900486144;0.8764164367092878;0.916405287976509;0.9670709027346759;0.9068727675301875;0.4435429179163808;0.9751263755689814;0.9731940492359042;0.970570397973516;0.6624857843995678;0.9319205415924269;0.0;0.9353579783439636;0.527723915874958;0.8015708541870117;0.8805371952056885;0.2820414620637894;0.9682248055934906;0.8548141992092133;0.9081757402420044;0.5588131475448609;0.6875680565834046;0.7147960495948792;1002289984.0;0.7381475830078125
12;0.9360100753971787;1.2956664802699175e-06;0.9637191251234999;0.9349560321845818;0.7654275955091209;0.9632401056505726;0.9471943879863789;0.8946624878644078;0.9856862627970429;0.9427842439763698;0.912779098633685;0.9376244112702531;0.6554485660327961;1.2956664503406978e-06;0.928911271642466;0.6142553942776768;0.5045910837138937;0.8963227252491185;0.513139121682266;0.9616637549113706;0.8310428888745647;0.8026159781901563;0.7023883613406635;0.5217493337685944;0.8754716140976369;367029197.6393443;0.7411046837522683;0.9376553857326507;0.0;0.865725341243073;0.8842851085589544;0.9202526426631722;0.9629891458675404;0.9089437122649369;0.5169333933659319;0.9779920960938052;0.9739726325232203;0.9721193058367611;0.6708435782534279;0.9157791659256374;0.0;0.9341073095798492;0.5412416288256645;0.8054521274566651;0.8830770528316498;0.29182461559772493;0.971313374042511;0.8614028370380402;0.9088298738002777;0.5472896414995193;0.7038552927970886;0.7171297073364258;972116608.0;0.7423203182220459
13;0.9364877896882146;1.3724996936551938e-06;0.9660911169891175;0.9283811058422803;0.773600233509411;0.9624943549395435;0.9506916525264801;0.8982226470975091;0.9858389947947019;0.9552362182023986;0.9261112310197016;0.929088637345865;0.6679081856561501;1.372499678101355e-06;0.927679906451637;0.6043697543482963;0.511275181801267;0.9005843668036122;0.5142354668815279;0.9616179192652468;0.8418583687537354;0.8106359209193558;0.6971474355035793;0.5233622180715285;0.8760012176518883;360448710.55737704;0.7426152512675426;0.936639552116394;0.0;0.8563822777448835;0.8779475579660054;0.9182147524982602;0.9683454737797499;0.9075788696590057;0.46110510386979187;0.9746218547520378;0.9755778599924205;0.9711003229667539;0.640268981378813;0.9334547452833876;0.0;0.934694048166275;0.5392938885092735;0.80649698138237;0.8822044491767883;0.28821235910058024;0.9680686843395233;0.8549007952213288;0.9075412285327912;0.5509287810325623;0.6852939105033875;0.7113609027862549;989243226.88;0.738999639749527
14;0.9366127842111014;1.4882818405058807e-06;0.9654550919295044;0.9365420705694051;0.7633045024233887;0.9641786668253925;0.950217608463862;0.9026909504261869;0.9858400796799683;0.9479202254902093;0.9076180096341274;0.9342909975012156;0.6586215798640965;1.4882818226386981e-06;0.929853476461817;0.612150360326298;0.49626203487968185;0.8983491688478188;0.5163276194711852;0.9621145438626816;0.8344484503721931;0.797191876042736;0.7082995107102263;0.5256825446105394;0.8731679273107664;356347627.4535519;0.7412588651714429;0.9370486962795258;0.0;0.8561822108198747;0.8683140424614717;0.9185749594407595;0.96932007196108;0.9034104304550845;0.43193699539898583;0.9804978510927487;0.974329494109499;0.9713822610592578;0.6307407061147784;0.9373304148274881;0.0;0.9352675318717957;0.5343210276961327;0.8061654043197631;0.8774872970581055;0.26724157348275185;0.973272808790207;0.8695227694511414;0.9042439699172974;0.5310592404007912;0.6898588871955872;0.7066520130634308;985877879.04;0.735917501449585
15;0.9367241484871327;1.690401471089493e-06;0.9639055012894059;0.931797517629455;0.750500040922777;0.9643277003275553;0.9479293457589689;0.9006347965934156;0.9858995229619938;0.9519102153736099;0.9067563492882406;0.9338070487945458;0.6665890987016426;1.6904015040287209e-06;0.929736369294547;0.6091196568774395;0.4984421909995418;0.8985834859433721;0.522868911018137;0.9623110379026236;0.836117691518179;0.7992409873204153;0.7048195362742481;0.5256699329761209;0.8746471913134466;353562344.52459013;0.7419597255727632;0.9382414484024048;0.0;0.8602795612999954;0.8840585788551268;0.8932305936541005;0.9683223848219789;0.9152358880276406;0.4382683719601703;0.9766332102725328;0.9756370080525366;0.9712713071489053;0.6201237240399238;0.9295065443615625;0.0;0.9352246904373169;0.5235941126942635;0.7883378028869629;0.8865003871917725;0.2813596104085445;0.9700753855705261;0.8571296429634094;0.9121671009063721;0.5371505975723266;0.7107465791702271;0.716840124130249;1024352711.68;0.7381023669242859
16;0.9372516580618144;1.3948008102397907e-06;0.9645556033987357;0.9303326992184582;0.7688938695170445;0.9645330249501488;0.9490306888515682;0.8997408797670128;0.9863188473707097;0.9539120272215602;0.9128039875943215;0.9356972636859775;0.6495859760117132;1.394800756564313e-06;0.93029759034433;0.6118216376161315;0.5038760897240352;0.8986804755659051;0.5201963385760459;0.9624775351722383;0.8458055462993559;0.8007375656581316;0.710640107673374;0.5157988772529071;0.874813081788235;346425795.3224044;0.7431949862365514;0.9380070316791534;0.0;0.8481391803661493;0.8827686435616445;0.898557290988099;0.9669015942379648;0.9118763551428537;0.4567940449913835;0.9781480662386638;0.9747503196652562;0.9735236307991157;0.6590000041281963;0.9170923350559209;0.0;0.9340790855884552;0.5276090413331985;0.7969435441493988;0.8848527562618256;0.2858702152967453;0.971255019903183;0.8623030078411102;0.9061619281768799;0.5508578217029572;0.7081225454807282;0.7103922176361084;1019013080.32;0.7398588335514069
17;0.9372480834116701;1.4394148284695535e-06;0.964386831154409;0.9282277910469902;0.7537065526532526;0.9645590497444848;0.9512152747674818;0.904746925935235;0.9861064105266191;0.9543503097723471;0.9126913386624134;0.9376416601591538;0.7038533755936575;1.4394081368723686e-06;0.9296459148490364;0.6188242463954811;0.5142271209284256;0.9003899595776542;0.5221937920470707;0.962562546052568;0.8430724614630631;0.8023658806834716;0.710317798488127;0.5599980871371233;0.8744345535346068;345107984.39344263;0.7489120325104135;0.9386623692512512;0.0;0.8539651436217746;0.8770373293135844;0.9025731174802476;0.9677456763967024;0.9124838718759378;0.4578162825540262;0.9801639796246931;0.9749834948666931;0.9702707196991114;0.6522775843137215;0.9319413781667201;0.0;0.9347423589229584;0.5282813200354576;0.7970573794841767;0.8848556363582611;0.27639478057622907;0.9732273936271667;0.865495287179947;0.9126418578624725;0.5547619116306305;0.6920929908752441;0.7197169065475464;997164762.88;0.7399334394931794
18;0.9377026626321135;1.8716558459382716e-06;0.9643141786956041;0.950260958699326;0.7784628404005881;0.9644883766436243;0.9541732583402736;0.90194568401025;0.9861872245267658;0.9460435574694239;0.9200866028196137;0.939422570956424;0.6883871028203644;1.8716558064664892e-06;0.9302429768557106;0.6189208203326158;0.5204956198487777;0.9042513285829721;0.5256659539996601;0.9621768297393465;0.8387385909674597;0.8092831456270374;0.7107707009615143;0.5473811141128748;0.8760377790758519;340089120.96174866;0.7494513496675127;0.9395663356781006;0.0;0.8680557406734003;0.8877776401876776;0.9161472314658279;0.9658509064641576;0.9139073332726053;0.44030629588549636;0.9806700051308561;0.9732251817080627;0.9722450396874533;0.6536768727643993;0.92309489645368;0.0;0.9338477790355683;0.5372691437602043;0.8048350191116334;0.8877230858802796;0.2767670878767967;0.9732216453552246;0.8682840895652771;0.9112331688404083;0.5311749139428139;0.7109697353839874;0.7064011752605438;981892398.08;0.7401569819450379
19;0.9379935629380857;1.4081609733025078e-06;0.9671646790703858;0.9413616996694403;0.7357912637001957;0.9651277128990685;0.9525485964087256;0.9072037932651035;0.986466144188167;0.9582885460386338;0.9286796551157909;0.936971251124993;0.6825443165690236;1.40815929546596e-06;0.9302014903944047;0.6129090739566772;0.49184651005137814;0.9011115692352336;0.5292790171797158;0.9631077262873207;0.8491421706282376;0.8190281593083032;0.7117918180963381;0.5402101712311552;0.882865004200753;335201117.24590164;0.7483175194980017;0.938781292438507;0.0;0.8463068686172704;0.8710029998274326;0.8949221758787299;0.9704506543095596;0.915827219677163;0.4126239631635083;0.9795912636084181;0.9736893422236192;0.9702498840544361;0.6396070195835472;0.9319367906471524;0.0;0.9360506951808929;0.52744180560112;0.7926281797885895;0.8874154722690583;0.2678739419579506;0.9724640953540802;0.8674392879009247;0.911268322467804;0.539987912774086;0.6948235535621643;0.6998499953746795;1028537697.28;0.7361130285263061
20;0.938045578901885;2.463482784736122e-06;0.9638856689357334;0.9406764827281051;0.7497515045652323;0.9645389538845012;0.9524496316672374;0.9083822290687884;0.9865721326909128;0.9557526180852189;0.925524049097506;0.9377548108345132;0.6775025341364761;2.4634828349534686e-06;0.9295601548392916;0.6099194881857418;0.5070897267083001;0.9001958910884753;0.5295664578513369;0.9626874601254698;0.8428170197322721;0.8097747688085004;0.7087758761611792;0.5431703696322572;0.876314586140419;333479802.1857923;0.7472610724428312;0.9387788581848144;0.0;0.8658647207657347;0.8861436470855284;0.8916849803876946;0.9658611481357714;0.9135955431285196;0.4602400733196096;0.9801746923623841;0.9747223508913088;0.9714824315811357;0.6420987829484548;0.9246766058125009;0.0;0.9340233993530274;0.5143573519587517;0.790498617887497;0.8863770043849946;0.28514483392238615;0.9729919028282166;0.8637570285797119;0.9121565437316894;0.5437087655067444;0.6995158767700196;0.7172313463687897;1030197895.68;0.738160240650177
21;0.938209171177911;3.830103535398738e-06;0.9660341110104046;0.937493139143176;0.7496310144430521;0.9657799331725069;0.9542064737574658;0.9078882307660026;0.9865182789214454;0.9575592457270378;0.9107974193938936;0.9397820423979397;0.6629343679017078;3.830103559182229e-06;0.9317336463537372;0.6205823674716585;0.4955151317223825;0.9037627160874873;0.5282864733471897;0.9624755493278712;0.8489039044399731;0.8035890202704674;0.716810441408001;0.5266874673588028;0.8764915765960359;329510501.8579235;0.7468034804193049;0.9396237671375275;0.0;0.8657693968796477;0.8817163824056976;0.9123225265775727;0.967318365859194;0.9150285676272274;0.4453928018917495;0.9805087775936915;0.9736298469647983;0.970791658716401;0.626634535383616;0.9284820436232123;0.0;0.9351052463054657;0.5302866989374161;0.799118390083313;0.8868175673484803;0.27983791291713717;0.97335120677948;0.8666706395149231;0.9118964552879334;0.5361440548300743;0.7067986273765564;0.7278917860984803;989093337.6;0.7412653279304504
22;0.9382933143709526;2.5502139880790465e-06;0.9660073575540612;0.940224031492867;0.7660521564587186;0.965196318132541;0.9547766890525375;0.9080872724004203;0.9868463018242886;0.9583161968795059;0.9173319264911911;0.9333991789549259;0.7183323086634302;2.550205614876137e-06;0.9306426299074309;0.6219731527762334;0.49952420865088865;0.90471160770114;0.5350679554085914;0.9633619948163059;0.8513275220420191;0.8058428086869703;0.7134074367623512;0.5811456560762853;0.8782414245149477;327654559.30054647;0.7532042160711653;0.9397569739818573;0.0;0.8548229805946247;0.8707699383343214;0.9272214972626539;0.9673209981314913;0.9162664597325069;0.44173644086995745;0.9786332638118429;0.9735041871040003;0.9720037517846002;0.656782070112125;0.9177219679966819;0.0;0.935458779335022;0.5473675203323364;0.8070898020267486;0.8883680200576782;0.27607701599597934;0.9718492662906647;0.8684412896633148;0.9123247337341308;0.5437350562214851;0.703348093032837;0.7116072332859039;960368760.32;0.7423333442211151
23;0.9386849276355056;7.469448057694562e-07;0.965045661704702;0.9560257348543713;0.7699623454775839;0.9648847266484211;0.9551883288965161;0.9095733887533207;0.9868718015752679;0.9574007311563393;0.9322648294895612;0.9345381946115358;0.696217911112129;7.469447989963361e-07;0.9311333826330842;0.6263720553592255;0.5155612672551897;0.9042882499147634;0.5341041396712997;0.9637374763931733;0.8511216324535223;0.8182894375806298;0.7148455753515327;0.5482650119913081;0.8765993496107924;323421298.4918033;0.7531197771348589;0.9390706014633179;0.0;0.8482876404987779;0.8600142113978444;0.9132962909257653;0.9650840634141798;0.9229339576582184;0.42173690485532767;0.9740648301571558;0.9753870329422566;0.971735032168887;0.6301111392564408;0.9120196436721839;0.0;0.9349465703964234;0.5508959117531776;0.8070511710643768;0.8910131013393402;0.275508479475975;0.967305074930191;0.8529831099510193;0.9132673561573028;0.5458175438642502;0.7052865660190583;0.707713360786438;1011775353.6;0.7410716569423675
24;0.9389186592701354;6.706221511941895e-07;0.9680722416732326;0.949681753104725;0.7643165486693035;0.9658630085672498;0.9549740552863166;0.9105197603246946;0.9867064466646995;0.958947720588561;0.9286315073141711;0.9292999212851579;0.6529785632413049;6.706221456575218e-07;0.9320089048375197;0.6314552433666636;0.5189283508578407;0.9014669337559268;0.5356280990962774;0.9623972988519512;0.852202071192486;0.8181489277732829;0.7141482881346687;0.5227273227087136;0.8833337592296913;317912797.2896175;0.752040473164105;0.9366766941547394;0.0;0.8487155352799438;0.8657184290720942;0.9130912457025544;0.968344478590176;0.9165312146896841;0.40705014389293903;0.9702802206634672;0.975329813281881;0.9725309585488435;0.6533053626538703;0.9150055132735132;0.0;0.9351785004138946;0.5557214629650116;0.8016560697555541;0.8864668631553649;0.26237973555922506;0.9641916584968567;0.8514154648780823;0.9065358376502991;0.5504095017910003;0.6945816719532013;0.7072603118419647;1028000838.4;0.7377997326850891
25;0.9389372507079703;1.5378480317917109e-06;0.9676410865989468;0.9269206876048027;0.789999223245461;0.965930397293054;0.9550695221474677;0.9102773351321884;0.9869267529980541;0.951843060412492;0.9189004424917693;0.9400883014822601;0.6610411652016647;1.5378347120904286e-06;0.9316023887832308;0.6112622106498707;0.5248389389426982;0.9029279429404462;0.5328151694819575;0.9634956434124806;0.8415154051748129;0.8082705610762528;0.7189622516514825;0.5391773676774541;0.8828070381951463;316913770.3169399;0.7506977192691116;0.9408099246025086;0.0;0.8591145574342298;0.879280682550319;0.9112942896834685;0.9662541249316746;0.9210537112705403;0.42976005952019686;0.9802833472794101;0.9731030956285547;0.9715464696168301;0.646824878155471;0.9173371969260604;0.0;0.9345448899269104;0.5380542787909508;0.8008160459995269;0.8914474260807037;0.2694180625677109;0.9726829504966736;0.866529757976532;0.9137949597835541;0.5536598664522171;0.7179695236682891;0.7211643171310425;982418640.64;0.7436438274383544
26;0.9391398641581092;5.1465180351416655e-06;0.966742542218764;0.9491375238545933;0.7539448224250788;0.9654412629680323;0.9546799833486955;0.9118064512311418;0.9871832421011653;0.9551660865578706;0.9121248417716222;0.9383484100980771;0.6973796161359083;5.146507055293819e-06;0.9318066245871164;0.633359487356791;0.5069180966400709;0.9038633710699655;0.5332362929491398;0.9631475806236267;0.8512484079908803;0.8015188014572435;0.7177487240463006;0.5514738368369191;0.879417540597134;314723812.8087432;0.7521580714997047;0.9382219910621643;0.0;0.8505266594539552;0.8571097121314551;0.9173130496045648;0.9688232501539588;0.9124187783207178;0.3928837658136119;0.9789502235881109;0.9717702664981198;0.9720556252168366;0.6436326151896808;0.9252881421264287;0.0;0.9357393872737885;0.5486826318502426;0.8074369966983795;0.8844530522823334;0.25001063480973246;0.9712648642063141;0.8677408349514008;0.9044366645812988;0.53682105332613;0.6962470984458924;0.7064239287376404;1005807255.04;0.737205194234848
27;0.9400793971911154;3.3751426206838187e-06;0.968027765261871;0.9459303851585189;0.7373671787894124;0.96591322661743;0.9554127587196605;0.9121096609715352;0.9870770968042548;0.9557157029684858;0.9256577165202073;0.9453760463535452;0.7136845115771853;3.3750303507568774e-06;0.9325380566341629;0.626098688182935;0.5048877614769128;0.9038995074444129;0.5389142478587198;0.9634608277857629;0.8549172334332283;0.8154980890412148;0.7274251476011641;0.5703054294880744;0.8835254940178876;312272527.3442623;0.7564973169988621;0.9394195330142975;0.0;0.8566530477714447;0.8865098142917686;0.9027102069758279;0.9690853714641234;0.9170767757195769;0.43390339771230757;0.9794104829539225;0.9734635868149895;0.9714599587545095;0.6269288360977857;0.9225373209126508;0.0;0.9350861096382141;0.5376876601576805;0.8007589209079743;0.888932079076767;0.2713625380396843;0.9718213605880738;0.8658190774917602;0.910376558303833;0.539293700158596;0.7082402873039245;0.7156392776966095;1009258581.76;0.74045614361763
28;0.9396275956122602;2.4274728058958737e-06;0.9698987737411;0.9393539547888747;0.7640572307363342;0.9660046422755313;0.9558647478383395;0.9140147587887189;0.9873439864767629;0.9606728166692977;0.9187666243300273;0.9358377078546737;0.6985678615090836;2.4274728335125266e-06;0.9314452413001347;0.6239903686730995;0.510737627796839;0.9043556484368329;0.5389725818334381;0.9634396339374813;0.8556668131403584;0.8104125872824361;0.7178059500423285;0.5582648799067638;0.8871876965455019;306818580.10928965;0.7547526374214986;0.9377810955047607;0.0;0.860082697819086;0.8633415411681059;0.9012184335696806;0.9676241179873024;0.9104515523313818;0.3990602376352723;0.9802859602674094;0.9736332681828387;0.9723470119282885;0.6477864270555928;0.9276724306512406;0.0;0.934546422958374;0.5507442450523377;0.7991365492343903;0.8827271902561188;0.25950493693351745;0.9729623889923096;0.8692779576778412;0.9071497535705566;0.5498702323436737;0.6785977423191071;0.7111297178268433;1032815883.52;0.7377861046791077
29;0.9397377476014727;3.5569464199200986e-06;0.9678615895924834;0.9534081000910972;0.7704629419621377;0.9667296422678684;0.957616256689569;0.917166705311152;0.9873645897088364;0.959332646453449;0.9361359716707627;0.9469099387508096;0.6691559088666843;3.5569463677442243e-06;0.9327808739057656;0.6339042822682792;0.511783285056307;0.9079961848389255;0.5440687945143121;0.9637467085989446;0.8540107080193816;0.8260095806721129;0.7234329054427278;0.533552043832065;0.8833415674381568;305419026.7103825;0.7558751767450343;0.9385285711288452;0.0;0.8597295862476263;0.8808011043754775;0.8984300088972869;0.9687863825764265;0.9135419383226158;0.42072998175531673;0.9792127148923921;0.9752945138086874;0.9726064516342444;0.6509706301233116;0.9142912497187174;0.0;0.9358872199058532;0.5256243526935578;0.7907305765151977;0.8850628054141998;0.26164988696575164;0.9723457646369934;0.8683721232414245;0.9088043165206909;0.5538734406232834;0.7045389449596405;0.7078245270252228;1028763306.24;0.7377012681961059
30;0.9397979567611152;7.545421027886521e-07;0.968575748634746;0.9472846539562224;0.7637485810130045;0.9659951711748829;0.9573879046921427;0.9136124980325367;0.9874060674235183;0.9590480784847879;0.9265285779006355;0.9445464791343204;0.6773025535704197;7.54542111405146e-07;0.9320143633852891;0.6293380301181084;0.5107676744298205;0.9096947081102048;0.5401962486609735;0.9638630464428761;0.8521230664165294;0.8180030776503308;0.7234660041788237;0.5466070941400006;0.8817545434490579;303863537.57377046;0.7552570801615064;0.9394409894943238;0.0;0.8621201570795755;0.8663710780169878;0.9182907133389421;0.969758007515088;0.9189558675555598;0.4188113349068391;0.9775397263160464;0.9746476597617051;0.970788267337266;0.6318437234605948;0.9138564009861682;0.0;0.9349509835243225;0.5546289891004562;0.8026791715621948;0.8890816807746887;0.26589502722024916;0.9708799421787262;0.865899362564087;0.910335441827774;0.5433674404025077;0.6969557547569275;0.7142917931079864;1002185239.04;0.7408150577545166
31;0.9399950286078322;3.027657307375639e-06;0.9683803649734879;0.9437540521429648;0.7673065223616389;0.9669862693202267;0.9559098141109086;0.9194492863310827;0.987332894586554;0.9614136750367314;0.9376963559293272;0.9453853030474083;0.7062154931897224;3.027639476152371e-06;0.9334160877707226;0.633958931055551;0.5162977316503317;0.9056096967777919;0.5398343527089051;0.9631473216854158;0.8598830405154515;0.8255747485030545;0.7251202530873929;0.5716901458596271;0.8820544929126573;300724069.8142077;0.7596897092021879;0.9408735656738281;0.0;0.8592792397820592;0.8707556667148078;0.9024187296234792;0.9691865443395276;0.924311264962477;0.4214913439703355;0.9794975046185924;0.9719684739343755;0.9713504793670105;0.64073175840163;0.9145146800581326;0.0;0.9341445004940033;0.5443945226073265;0.7974144339561462;0.8942068266868591;0.26846599370241164;0.9721083307266235;0.8723338568210601;0.9132112824916839;0.54952163875103;0.7055671787261963;0.7125310814380645;1011257303.04;0.7421726953983306
32;0.9401173011852744;1.574767615247517e-06;0.9687834753929117;0.9409718094622498;0.7556870433683908;0.9674001343098179;0.9564608163327033;0.914144670289639;0.9875820105150334;0.9547662992552381;0.928759884126962;0.947251299630288;0.704163916572684;1.574767612097683e-06;0.9331602203389986;0.6284138597751576;0.5042872929568988;0.9056350320089058;0.5414851542379036;0.9644777344875648;0.8539397144903902;0.8224854659838755;0.7332450651405938;0.5646629184484482;0.8816091255412075;297994930.92896175;0.757581961936638;0.940494476556778;0.0;0.8558861946183307;0.8712608244322593;0.911230073536045;0.966697640267196;0.9217317079413179;0.3931938205470271;0.9785474443854163;0.9744808513701748;0.9724383993445125;0.6256175571716389;0.9288733178443939;0.0;0.9348883736133575;0.543628181219101;0.80116774559021;0.8928113687038421;0.2580641704797745;0.9717271292209625;0.8685947406291962;0.9111740016937255;0.546167615056038;0.7082704830169678;0.710392519235611;986289559.04;0.7406260287761688
33;0.9403371993309814;4.000538905166478e-06;0.9700068821362478;0.9332679094701893;0.7605098561491189;0.9669297151405487;0.9554980781218181;0.9174395368260346;0.9875549146532595;0.9595054272186517;0.935819937050013;0.9479091870424905;0.7014686724486227;4.000451171336838e-06;0.9335509737332662;0.6226829783024033;0.5109929431820176;0.9042041966172515;0.5460233086608147;0.9642578093080573;0.8532897124850685;0.828197022604812;0.729733019415798;0.5651028576851542;0.8852836704645001;296792998.64480877;0.7584834971714541;0.9382643079757691;0.0;0.8601239144564914;0.8735338922617814;0.9044455995989253;0.9689284425729174;0.9109534761002261;0.42525452274820025;0.9796592436106988;0.972888740893939;0.9719508214668234;0.6580956847163058;0.9239433354635481;0.0;0.9344231522083283;0.5442568299174309;0.7963632380962372;0.8838740992546081;0.26629577040672303;0.9726440846920014;0.8725726771354675;0.9045536005496979;0.5462714585661889;0.7033801949024201;0.7093590593338013;1014008433.92;0.7394540178775787
34;0.9403683155612216;1.5181092626870005e-06;0.9707436016115473;0.9396146322238831;0.7938613774315298;0.9677378448199243;0.9576190020161317;0.9173932734294917;0.9874717273162509;0.9625133116838932;0.924946418290606;0.9518722453216902;0.7134895960540938;1.5181061170268117e-06;0.9341929802477685;0.6229931682022543;0.5365022906786737;0.9086626484745839;0.5415182159246643;0.9633395548075274;0.8564522707722878;0.8196040336551562;0.7373839566290704;0.5677471941163956;0.8883679310480753;294001537.0491803;0.7615240222769357;0.93938352227211;0.0;0.8575466891229557;0.8701257426496488;0.9048679982268909;0.969774736351403;0.9180029832160719;0.3942083190023341;0.9780740984847341;0.9741328952353157;0.9725543120703845;0.6380829692219815;0.9142596585095595;0.0;0.9343064165115357;0.5440239608287811;0.7960545289516449;0.8884632456302642;0.2605663926899433;0.9713838410377502;0.8674540889263153;0.9083270943164825;0.5442555683851242;0.7088948845863342;0.7123429453372956;1025262127.36;0.7396430015563965
35;0.9405662332727609;6.559659071440386e-06;0.9687465075314687;0.9501029238594239;0.7700277006631429;0.9675062351665515;0.9571451741734317;0.9198724182987488;0.9874090137558167;0.9608537282482286;0.9273640195024588;0.9494742365260923;0.6858066912554396;6.559659128778365e-06;0.9335237624215298;0.6324123124607274;0.5271109868594206;0.9085118119182483;0.5443688046411087;0.9634423389460871;0.8566477508818517;0.8164634493693628;0.7341558992699847;0.557497702742535;0.8838972053566917;291229066.84153;0.7598210957532372;0.9409245097637177;0.0;0.8576845924483087;0.8680322315912384;0.9033118352163679;0.9652975841163053;0.9274473748324774;0.4180282404968911;0.9788526265145243;0.9730229445746816;0.972032291039695;0.6097283649036617;0.9110089206067873;0.0;0.9340723013877869;0.5467731952667236;0.7922014021873474;0.8952087485790252;0.26531516402959826;0.9717609012126922;0.8696940910816192;0.9124041938781738;0.5303132805228233;0.7215145635604858;0.7059761846065521;1026466958.08;0.7404758191108703
36;0.9407996375704072;3.6488452024308124e-06;0.9679377558922158;0.9442234531252034;0.7602280916949276;0.9675745901803666;0.9579726879276668;0.9209455149552876;0.9875755195606206;0.9608827628052675;0.9310937455549261;0.9501322021685326;0.6710956644575908;3.6488336611467876e-06;0.9337998377820833;0.6401166890651151;0.5157869181346372;0.9069906404761018;0.5501985989633154;0.9632266069370541;0.8580310973313336;0.8230567984893674;0.7392780693665228;0.5445402992553399;0.8787121057836085;288489012.852459;0.7594306947755032;0.9406386685371398;0.0;0.8639256292579469;0.8570323937229154;0.9221973669715401;0.9678986359444405;0.9214150661232904;0.4146959762025905;0.9796823301092903;0.9725985917640431;0.9713200347578936;0.619190223777425;0.9177786896337473;0.0;0.9344730114936829;0.5594918727874756;0.8071066737174988;0.8910644054412842;0.262716166973114;0.9726447975635528;0.8716148805618286;0.9114207625389099;0.5402156466245651;0.7076206827163696;0.7112628602981568;978445671.68;0.7426937913894653
37;0.9409336004752279;4.669454197111426e-06;0.9681384740668024;0.939742110182779;0.7469666150569174;0.9680370533586002;0.9562462857077604;0.9202354848461662;0.9876777607416805;0.9536119575177816;0.9167663917833193;0.9536386822396575;0.6809158425740307;4.669429184159626e-06;0.9341896173081111;0.6308519314221346;0.5101680546449344;0.9046050189622764;0.5418981496102172;0.9627944543713429;0.8510371021559981;0.816148586449076;0.7379533415609371;0.553923681704073;0.8833839147468734;287234361.92349726;0.7569958028571854;0.9408863735198975;0.0;0.8670641186272566;0.8722523674067592;0.9014564111618435;0.9700158784466916;0.9221161178211362;0.41347154668689046;0.9811924858391176;0.9733726947533577;0.9726091366313324;0.6238112345621916;0.9033024979755653;0.0;0.935630030632019;0.5371901723742485;0.7955215847492219;0.8920914149284362;0.26548226058483126;0.9735431694984436;0.8716019129753113;0.911592298746109;0.5375789427757263;0.7182356941699982;0.7175921177864075;1025006045.44;0.7414599609375
38;0.9410458011705367;4.851122560166622e-06;0.9698953615742484;0.952344170664491;0.7797440453256497;0.9681423446614252;0.9589091842723922;0.9208381805663934;0.9877576578422305;0.9637341927001122;0.9130489132100217;0.9494541640197434;0.6703408620845022;4.851065862025618e-06;0.9341940485714563;0.648560700032229;0.5186414503660358;0.9097177363484283;0.5488031723948775;0.963742363322628;0.8608001227913007;0.813381190345587;0.7366264206789882;0.5448005820721225;0.8901527543536952;283798478.6010929;0.7608564147532312;0.9405729615688324;0.0;0.8627520000731833;0.8696373040464627;0.9071079060675763;0.9692278199725527;0.9198720602388929;0.4055597776650411;0.9806450398189991;0.9739099547119145;0.9716383291277673;0.6297304570055937;0.9236447314682746;0.0;0.9355186378955841;0.5511588758230209;0.8020083832740784;0.890162615776062;0.2570237949490547;0.9732921493053436;0.8690575969219207;0.9128718185424805;0.5479289805889129;0.7137787389755249;0.7137167239189148;998747156.48;0.7424107527732849
39;0.9415586903447011;2.465796313751677e-06;0.9682247211707128;0.946592487266668;0.7608226268765488;0.9671547575660021;0.9595496797956939;0.9201754408326228;0.9879004770802697;0.9645120305210323;0.9383422786806283;0.9502491778420614;0.6899781881067961;2.4656249484418806e-06;0.9328725113243354;0.6363848731166026;0.5110452065213782;0.9115270640029282;0.5506495319591845;0.963952613332884;0.8612121656292775;0.8329842064550014;0.7397356505602435;0.5607089736178273;0.8829140490521499;283597350.9508197;0.7621806224838632;0.9410270094871521;0.0;0.852583969532374;0.8455879658773927;0.9209848772931444;0.9715197026989832;0.9246923383217194;0.4004400936251609;0.9781232072997019;0.9723109153224633;0.9697116950906789;0.618028343759019;0.9282370829231893;0.0;0.9353805685043335;0.5662555947899819;0.8069764423370361;0.8941242659091949;0.25861258938908577;0.9710009491443634;0.8694490361213684;0.9108150815963745;0.530270223915577;0.7161495077610016;0.7088901376724244;978456737.28;0.7425385773181915
40;0.941593032391345;5.952268890629733e-06;0.9683645210522502;0.9593985821986074;0.7911078035376043;0.9682113112007292;0.9584297661863725;0.9241008005591279;0.9879600705819792;0.9630403523027486;0.9328832517910077;0.9495381413824184;0.6775506582927284;5.9518143827686614e-06;0.9343118589432513;0.6447204983299547;0.5334489643573761;0.9081921699594279;0.5569875936527722;0.9644460495703858;0.8622556649596314;0.821070030575893;0.7378750055051241;0.5480393712800709;0.884256249242793;279406388.1967213;0.7632366783631955;0.9412303781509399;0.0;0.8640170917185551;0.8789839233132912;0.9052340033648296;0.9698868640748158;0.9258445947986668;0.41948701710806197;0.9790702781191984;0.9736138395417057;0.9715828597398171;0.6320013849070242;0.9047476381216427;0.0;0.9359073138237;0.5364940541982651;0.7980736303329468;0.8947159469127655;0.274996365904808;0.9718055045604705;0.8695335352420807;0.9125303387641907;0.5446939331293106;0.7190455293655396;0.7256487369537353;1010960032.0;0.7439495360851288
41;0.9414016125632114;5.593103431484331e-06;0.969437235116367;0.9259122745142717;0.7550639417920612;0.9683607172323636;0.9560978411133785;0.9203335021782754;0.9880355308914593;0.9573810236302916;0.9392437922351463;0.9492030956836357;0.6857403435419923;5.593103385445168e-06;0.9346860754685323;0.6254294127063021;0.5096234849404767;0.9032675438239927;0.5516503991895034;0.9638775756450298;0.8576899442842097;0.8358639882561939;0.7356868959515472;0.5564116090128982;0.8852551892155507;279300521.26775956;0.759949286127351;0.9395430707931518;0.0;0.8831101063336824;0.8849679981955346;0.8926859228216864;0.9680577954262204;0.9203826795959962;0.4418003807915724;0.9758190570691636;0.9724126053562023;0.9734802061957696;0.6748877318913561;0.905684593429173;0.0;0.9333975672721863;0.5368397995829582;0.7896080696582795;0.894647192955017;0.2801564836502075;0.9688003170490265;0.863727742433548;0.9084712994098664;0.5554024684429169;0.7295627510547638;0.7036481285095215;1027747365.12;0.7422056210041046
42;0.9414400500677974;1.0689162203344256e-06;0.9707169423913984;0.9542416464193507;0.7564684862590317;0.9684549672328632;0.9584645143375609;0.9239487844122867;0.9878658211990766;0.9638660739046309;0.9294063897585694;0.9514774116939917;0.6918754743947277;1.0688484065814194e-06;0.9350082529047148;0.6383001977791551;0.5224904662272969;0.9099912698803052;0.552562166921428;0.9639996397690694;0.864251298982589;0.8184302434569499;0.736325941532036;0.5684879922150262;0.8857902327521903;277436186.6229508;0.7632397914844784;0.9407795560359955;0.0;0.8547348291883199;0.8656844719593932;0.9111655818628194;0.9727817530738928;0.9224216206998394;0.43388385509747107;0.9797318480349844;0.9730262522113914;0.9706761302600481;0.6370917183016876;0.908434521968837;0.0;0.9353733956813812;0.5452075725793839;0.7993270289897919;0.8913007748126983;0.27049917846918103;0.9727878022193909;0.8721622490882873;0.9124491655826569;0.5491512036323547;0.711993898153305;0.7083830726146698;1003427850.24;0.7426032149791717
0;0.9420670990735456;2.0194921783771055e-06;0.9616452529442565;0.8468590177987612;0.5811575013324998;0.9690833992922908;0.9476845717852659;0.9121788537276169;0.9876994299577344;0.9180952034549218;0.8174361715760616;0.9122115532423907;0.4810177457895149;2.019492202152783e-06;0.9347324048886534;0.5637055904059951;0.3884567963621004;0.8844212408640671;0.5428577143230725;0.9595680243330575;0.8089833435465078;0.7274552459110979;0.7008444186442536;0.3888720980758875;0.8607834512418736;270654744.284153;0.7055163930674069;0.9349705874919891;0.0;0.852608542628721;0.8958617891323322;0.7393840038737963;0.9753505185892527;0.9144031699322336;0.5338218106454046;0.9823046638180236;0.9700273700229367;0.9708219555575313;0.6174572079617482;0.8523392598227002;0.0;0.9306847882270813;0.4114710959792137;0.6860361355543136;0.8839143824577331;0.25211950451135634;0.9734937155246735;0.8721097922325134;0.9122338175773621;0.5021599283814431;0.712887659072876;0.6879560148715973;1428192682.24;0.7113697099685669
1;0.9417032664590846;6.471405097098059e-06;0.9698115920899538;0.9418740155356706;0.7775182921418136;0.9684729688398608;0.958815203740477;0.9252633381124888;0.9881288590385096;0.9579125476987972;0.9438735721065645;0.9518004271937481;0.6820749131563817;6.471031051883894e-06;0.9340730452798104;0.6327844490526152;0.5283674576569125;0.9108635317432424;0.5526164721270077;0.9646610008562849;0.8576318494609145;0.8367567599796858;0.740207959393986;0.5561956597970483;0.8897763109598004;274099990.6885246;0.7639940452705967;0.9405855166912079;0.0;0.8739243748003289;0.871566576630006;0.9071448419311037;0.9692784908738729;0.9229534172539923;0.42604036968885173;0.9776599891480937;0.9745441099147024;0.971154790685112;0.6311934611819742;0.9166736308775174;0.0;0.9349966967105865;0.5530279821157456;0.8011164784431457;0.8932723546028137;0.2652347718179226;0.9707597219944;0.8657100856304168;0.9141383326053619;0.5468300879001617;0.7147498428821564;0.7249090945720673;997410534.4;0.7440677678585053
2;0.9420267672486644;5.767268542103237e-06;0.9689426495973174;0.9476636382221234;0.7657483671640877;0.9691632481041078;0.959457636073001;0.9255251637243643;0.9882512488003036;0.9615129661646227;0.921252721216911;0.9498393980484431;0.6508475718561394;5.767265264311604e-06;0.9355270849551008;0.6506239993324696;0.524840765108502;0.9106682718125849;0.5574063496674345;0.9643786569110683;0.8611668652849771;0.819117459768806;0.741394329999314;0.5351953381886247;0.8852606796827472;272073771.8032787;0.7623254386453681;0.9407687819004059;1.710278775440397e-06;0.8673976477985578;0.8673192132059391;0.9035029313602759;0.9703062657122722;0.9236663431424958;0.4327358399196931;0.979516050241921;0.9718450091098846;0.9713387362304745;0.627683603045147;0.8994970170698668;1.7102787387557329e-06;0.9336600232124329;0.52032813757658;0.7936629807949066;0.892690920829773;0.27328906178474427;0.9723479735851288;0.8711064970493316;0.9117408967018128;0.5388639491796493;0.7180995965003967;0.7197233831882477;1025625003.52;0.7405012178421021
3;0.9419847687736886;2.0978782581234914e-06;0.9716730294932568;0.946679491285346;0.7698215549753605;0.9691317201336586;0.9597086414415015;0.9261136738020779;0.9882149010904195;0.9638122872820609;0.9271707749254251;0.9529853794612135;0.7271247692896499;2.097840220673783e-06;0.9351937363707954;0.6382187417621821;0.5168686887768449;0.9108883399780983;0.5551532679568223;0.9641663344179998;0.8646731369319509;0.8196792141661617;0.7430984267120153;0.585959485238367;0.886331995002559;269040388.52459013;0.7654755783211338;0.9409082615375519;0.0;0.8624215062624274;0.8703362316668588;0.8880197073758902;0.9694422516474407;0.9247608229667018;0.3933788728202472;0.9803921088192457;0.9730518143409563;0.9717037543738232;0.624001195469805;0.9151253925854219;0.0;0.9348692917823791;0.5285054582357407;0.7934244537353515;0.8937646877765656;0.2538295522332191;0.9730886602401734;0.8711627924442291;0.9139698541164398;0.5389865988492966;0.7125939869880676;0.716628452539444;1039637433.6;0.7391657984256744
4;0.942182645120256;5.333806676413885e-06;0.9703320052572236;0.9453685953656977;0.7512995731744985;0.9689043718078045;0.9600888844175494;0.9292696824867515;0.9882123770684244;0.9591127813563299;0.923106336800634;0.9538772726533143;0.6961541813642346;5.333625541012632e-06;0.9352548923648771;0.6345903423151683;0.508536029383133;0.9107005231367434;0.560645343338857;0.9645216549680533;0.8625374136726713;0.816495566908779;0.7446227710429436;0.572294611422742;0.8878238598505656;267508118.77595627;0.7634566367649641;0.9408464884757995;0.0;0.867636436096672;0.8796021506311072;0.8922195647940098;0.9689949148007767;0.9222719737095855;0.3789480972218515;0.9805778911614496;0.9719922082151389;0.9729657384084258;0.6284405758901713;0.9168069121910852;0.0;0.9343074715137482;0.5214461743831634;0.785753242969513;0.893486008644104;0.2563400432467461;0.9730235660076141;0.8718817746639251;0.9113271582126617;0.528354218006134;0.7269308686256408;0.716158561706543;1035963836.16;0.7380917358398438
5;0.9422333527132462;4.483665609049021e-06;0.971726709889922;0.9520570896754782;0.7554459560458594;0.9696833426371095;0.9589651146462285;0.927431179077182;0.9883534041067121;0.9627305864061533;0.9260157846750211;0.9521451460652789;0.681507286373136;4.4831962033561075e-06;0.936598353372897;0.6365492933434866;0.5129760306715314;0.9079392422092417;0.5628116122686146;0.9646622375712368;0.8571270981121585;0.8180486045248522;0.7430776855984672;0.5540880257966089;0.8929916248946893;265584884.53551912;0.7624427099696925;0.9406236708164215;0.0;0.8659895040995409;0.8457787685188003;0.9129827718708979;0.9723825501323009;0.9196254416329803;0.42744207321519084;0.9812394689374009;0.9707496468850233;0.9723769197753817;0.6268320658699325;0.9060472872968333;0.0;0.9355162167549134;0.5463439786434173;0.805291258096695;0.8908168649673462;0.2701467745006084;0.9731080055236816;0.8731067025661469;0.9057170867919921;0.5397504180669784;0.7207765221595764;0.7108193147182464;1009127143.68;0.7428539204597473
6;0.9423576635741145;6.116884527737113e-06;0.9710536461809263;0.959802755870806;0.7739761215655054;0.9697789575321476;0.9603199582549758;0.9292163852564771;0.9883768129320817;0.955251138553845;0.9376328511733808;0.9565355098522076;0.7099783524218684;6.1164294398781624e-06;0.9366047737376938;0.6487139161737239;0.5214623477452439;0.9096201707105167;0.5618735400379681;0.9642037557122486;0.8548564904374503;0.831960469321475;0.750031774242719;0.5750193003096867;0.8904352451934189;263371045.0273224;0.7677074361368607;0.9410626864433289;0.0;0.8563456487548814;0.8503037601584338;0.9097099587295997;0.9661806847591558;0.9246560196530703;0.3876232639765708;0.9786303403199615;0.9734750214995934;0.9735836542348696;0.6184094202775949;0.9238255283715036;0.0;0.9333980500698089;0.5525628915429115;0.8011781966686249;0.8943795442581177;0.25996517568826677;0.9713908612728119;0.8708236849308014;0.9085359573364258;0.5413438594341278;0.7169298708438874;0.7136021274328231;999095738.88;0.7421918380260467
7;0.942497438094655;3.7722084034036304e-06;0.9711672649477003;0.9464416195479621;0.7722180353005897;0.9694942885578401;0.9601338433052564;0.9253633216971846;0.9883995556141566;0.9599841387841982;0.9293710809657858;0.9562632638493814;0.6922180578649364;3.772136526711252e-06;0.9359485591695609;0.6450605862290482;0.5204623071629493;0.9084730825788988;0.5585297872948516;0.9638578797298702;0.8573920861945126;0.8268436199980356;0.7461285229589119;0.5637290778218723;0.8900918002988472;260903409.92349726;0.7651379352710286;0.9408661258220673;0.0;0.8654105226668978;0.8583943983113579;0.9194461137607536;0.9688755486986955;0.9203822988965896;0.4114680876375052;0.9799057671464313;0.971656452280487;0.973820169155713;0.6280870520336185;0.9109590624506496;0.0;0.9344826769828797;0.5453972509503364;0.8020737397670746;0.891420658826828;0.2657358658313751;0.9725842130184174;0.8720601761341095;0.9090662121772766;0.5468698179721833;0.7179711639881134;0.715143290758133;988840707.2;0.7429822778701782
